time_id,the_year,quarter,month_of_year,day_of_month
738,1998,Q1,1,7
739,1998,Q1,1,8
740,1998,Q1,1,9
741,1998,Q1,1,10
742,1998,Q1,1,11
743,1998,Q1,1,12
744,1998,Q1,1,13
745,1998,Q1,1,14
746,1998,Q1,1,15
747,1998,Q1,1,16
748,1998,Q1,1,17
749,1998,Q1,1,18
750,1998,Q1,1,19
751,1998,Q1,1,20
752,1998,Q1,1,21
753,1998,Q1,1,22
754,1998,Q1,1,23
755,1998,Q1,1,24
756,1998,Q1,1,25
757,1998,Q1,1,26
758,1998,Q1,1,27
759,1998,Q1,1,28
760,1998,Q1,1,29
761,1998,Q1,1,30
762,1998,Q1,1,31
763,1998,Q1,2,1
764,1998,Q1,2,2
765,1998,Q1,2,3
766,1998,Q1,2,4
767,1998,Q1,2,5
768,1998,Q1,2,6
769,1998,Q1,2,7
770,1998,Q1,2,8
771,1998,Q1,2,9
772,1998,Q1,2,10
773,1998,Q1,2,11
774,1998,Q1,2,12
775,1998,Q1,2,13
776,1998,Q1,2,14
777,1998,Q1,2,15
778,1998,Q1,2,16
779,1998,Q1,2,17
780,1998,Q1,2,18
781,1998,Q1,2,19
782,1998,Q1,2,20
783,1998,Q1,2,21
784,1998,Q1,2,22
785,1998,Q1,2,23
786,1998,Q1,2,24
787,1998,Q1,2,25
788,1998,Q1,2,26
789,1998,Q1,2,27
790,1998,Q1,2,28
791,1998,Q1,3,1
792,1998,Q1,3,2
793,1998,Q1,3,3
794,1998,Q1,3,4
795,1998,Q1,3,5
796,1998,Q1,3,6
797,1998,Q1,3,7
798,1998,Q1,3,8
799,1998,Q1,3,9
800,1998,Q1,3,10
801,1998,Q1,3,11
802,1998,Q1,3,12
803,1998,Q1,3,13
804,1998,Q1,3,14
805,1998,Q1,3,15
806,1998,Q1,3,16
807,1998,Q1,3,17
808,1998,Q1,3,18
809,1998,Q1,3,19
810,1998,Q1,3,20
811,1998,Q1,3,21
812,1998,Q1,3,22
813,1998,Q1,3,23
814,1998,Q1,3,24
815,1998,Q1,3,25
816,1998,Q1,3,26
817,1998,Q1,3,27
818,1998,Q1,3,28
819,1998,Q1,3,29
820,1998,Q1,3,30
821,1998,Q1,3,31
822,1998,Q2,4,1
823,1998,Q2,4,2
824,1998,Q2,4,3
825,1998,Q2,4,4
826,1998,Q2,4,5
827,1998,Q2,4,6
828,1998,Q2,4,7
829,1998,Q2,4,8
830,1998,Q2,4,9
831,1998,Q2,4,10
832,1998,Q2,4,11
833,1998,Q2,4,12
834,1998,Q2,4,13
835,1998,Q2,4,14
836,1998,Q2,4,15
837,1998,Q2,4,16
838,1998,Q2,4,17
839,1998,Q2,4,18
840,1998,Q2,4,19
841,1998,Q2,4,20
842,1998,Q2,4,21
843,1998,Q2,4,22
844,1998,Q2,4,23
845,1998,Q2,4,24
846,1998,Q2,4,25
847,1998,Q2,4,26
848,1998,Q2,4,27
849,1998,Q2,4,28
850,1998,Q2,4,29
851,1998,Q2,4,30
852,1998,Q2,5,1
853,1998,Q2,5,2
854,1998,Q2,5,3
855,1998,Q2,5,4
856,1998,Q2,5,5
857,1998,Q2,5,6
858,1998,Q2,5,7
859,1998,Q2,5,8
860,1998,Q2,5,9
861,1998,Q2,5,10
862,1998,Q2,5,11
863,1998,Q2,5,12
864,1998,Q2,5,13
865,1998,Q2,5,14
866,1998,Q2,5,15
867,1998,Q2,5,16
868,1998,Q2,5,17
869,1998,Q2,5,18
870,1998,Q2,5,19
871,1998,Q2,5,20
872,1998,Q2,5,21
873,1998,Q2,5,22
874,1998,Q2,5,23
875,1998,Q2,5,24
876,1998,Q2,5,25
877,1998,Q2,5,26
878,1998,Q2,5,27
879,1998,Q2,5,28
880,1998,Q2,5,29
881,1998,Q2,5,30
882,1998,Q2,5,31
883,1998,Q2,6,1
884,1998,Q2,6,2
885,1998,Q2,6,3
886,1998,Q2,6,4
887,1998,Q2,6,5
888,1998,Q2,6,6
889,1998,Q2,6,7
890,1998,Q2,6,8
891,1998,Q2,6,9
892,1998,Q2,6,10
893,1998,Q2,6,11
894,1998,Q2,6,12
895,1998,Q2,6,13
896,1998,Q2,6,14
897,1998,Q2,6,15
898,1998,Q2,6,16
899,1998,Q2,6,17
900,1998,Q2,6,18
901,1998,Q2,6,19
902,1998,Q2,6,20
903,1998,Q2,6,21
904,1998,Q2,6,22
905,1998,Q2,6,23
906,1998,Q2,6,24
907,1998,Q2,6,25
908,1998,Q2,6,26
909,1998,Q2,6,27
910,1998,Q2,6,28
911,1998,Q2,6,29
912,1998,Q2,6,30
913,1998,Q3,7,1
914,1998,Q3,7,2
915,1998,Q3,7,3
916,1998,Q3,7,4
917,1998,Q3,7,5
918,1998,Q3,7,6
919,1998,Q3,7,7
920,1998,Q3,7,8
921,1998,Q3,7,9
922,1998,Q3,7,10
923,1998,Q3,7,11
924,1998,Q3,7,12
925,1998,Q3,7,13
926,1998,Q3,7,14
927,1998,Q3,7,15
928,1998,Q3,7,16
929,1998,Q3,7,17
930,1998,Q3,7,18
931,1998,Q3,7,19
932,1998,Q3,7,20
933,1998,Q3,7,21
934,1998,Q3,7,22
935,1998,Q3,7,23
936,1998,Q3,7,24
937,1998,Q3,7,25
938,1998,Q3,7,26
939,1998,Q3,7,27
940,1998,Q3,7,28
941,1998,Q3,7,29
942,1998,Q3,7,30
943,1998,Q3,7,31
944,1998,Q3,8,1
945,1998,Q3,8,2
946,1998,Q3,8,3
947,1998,Q3,8,4
948,1998,Q3,8,5
949,1998,Q3,8,6
950,1998,Q3,8,7
951,1998,Q3,8,8
952,1998,Q3,8,9
953,1998,Q3,8,10
954,1998,Q3,8,11
955,1998,Q3,8,12
956,1998,Q3,8,13
957,1998,Q3,8,14
958,1998,Q3,8,15
959,1998,Q3,8,16
960,1998,Q3,8,17
961,1998,Q3,8,18
962,1998,Q3,8,19
963,1998,Q3,8,20
964,1998,Q3,8,21
965,1998,Q3,8,22
966,1998,Q3,8,23
967,1998,Q3,8,24
968,1998,Q3,8,25
969,1998,Q3,8,26
970,1998,Q3,8,27
971,1998,Q3,8,28
972,1998,Q3,8,29
973,1998,Q3,8,30
974,1998,Q3,8,31
975,1998,Q3,9,1
976,1998,Q3,9,2
977,1998,Q3,9,3
978,1998,Q3,9,4
979,1998,Q3,9,5
980,1998,Q3,9,6
981,1998,Q3,9,7
982,1998,Q3,9,8
983,1998,Q3,9,9
984,1998,Q3,9,10
985,1998,Q3,9,11
986,1998,Q3,9,12
987,1998,Q3,9,13
988,1998,Q3,9,14
367,1997,Q1,1,1
368,1997,Q1,1,2
369,1997,Q1,1,3
370,1997,Q1,1,4
371,1997,Q1,1,5
372,1997,Q1,1,6
373,1997,Q1,1,7
374,1997,Q1,1,8
375,1997,Q1,1,9
376,1997,Q1,1,10
377,1997,Q1,1,11
378,1997,Q1,1,12
379,1997,Q1,1,13
380,1997,Q1,1,14
381,1997,Q1,1,15
382,1997,Q1,1,16
383,1997,Q1,1,17
384,1997,Q1,1,18
385,1997,Q1,1,19
386,1997,Q1,1,20
387,1997,Q1,1,21
388,1997,Q1,1,22
389,1997,Q1,1,23
390,1997,Q1,1,24
391,1997,Q1,1,25
392,1997,Q1,1,26
393,1997,Q1,1,27
394,1997,Q1,1,28
395,1997,Q1,1,29
396,1997,Q1,1,30
397,1997,Q1,1,31
398,1997,Q1,2,1
399,1997,Q1,2,2
400,1997,Q1,2,3
401,1997,Q1,2,4
402,1997,Q1,2,5
403,1997,Q1,2,6
404,1997,Q1,2,7
405,1997,Q1,2,8
406,1997,Q1,2,9
407,1997,Q1,2,10
408,1997,Q1,2,11
409,1997,Q1,2,12
410,1997,Q1,2,13
411,1997,Q1,2,14
412,1997,Q1,2,15
413,1997,Q1,2,16
414,1997,Q1,2,17
415,1997,Q1,2,18
416,1997,Q1,2,19
417,1997,Q1,2,20
418,1997,Q1,2,21
419,1997,Q1,2,22
420,1997,Q1,2,23
421,1997,Q1,2,24
422,1997,Q1,2,25
423,1997,Q1,2,26
424,1997,Q1,2,27
425,1997,Q1,2,28
426,1997,Q1,3,1
427,1997,Q1,3,2
428,1997,Q1,3,3
429,1997,Q1,3,4
430,1997,Q1,3,5
431,1997,Q1,3,6
432,1997,Q1,3,7
433,1997,Q1,3,8
434,1997,Q1,3,9
435,1997,Q1,3,10
436,1997,Q1,3,11
437,1997,Q1,3,12
438,1997,Q1,3,13
439,1997,Q1,3,14
440,1997,Q1,3,15
441,1997,Q1,3,16
442,1997,Q1,3,17
443,1997,Q1,3,18
444,1997,Q1,3,19
445,1997,Q1,3,20
446,1997,Q1,3,21
447,1997,Q1,3,22
448,1997,Q1,3,23
449,1997,Q1,3,24
450,1997,Q1,3,25
451,1997,Q1,3,26
452,1997,Q1,3,27
453,1997,Q1,3,28
454,1997,Q1,3,29
455,1997,Q1,3,30
456,1997,Q1,3,31
457,1997,Q2,4,1
458,1997,Q2,4,2
459,1997,Q2,4,3
460,1997,Q2,4,4
461,1997,Q2,4,5
462,1997,Q2,4,6
463,1997,Q2,4,7
464,1997,Q2,4,8
465,1997,Q2,4,9
466,1997,Q2,4,10
467,1997,Q2,4,11
468,1997,Q2,4,12
469,1997,Q2,4,13
470,1997,Q2,4,14
471,1997,Q2,4,15
472,1997,Q2,4,16
473,1997,Q2,4,17
474,1997,Q2,4,18
475,1997,Q2,4,19
476,1997,Q2,4,20
477,1997,Q2,4,21
478,1997,Q2,4,22
479,1997,Q2,4,23
480,1997,Q2,4,24
481,1997,Q2,4,25
482,1997,Q2,4,26
483,1997,Q2,4,27
484,1997,Q2,4,28
485,1997,Q2,4,29
486,1997,Q2,4,30
487,1997,Q2,5,1
488,1997,Q2,5,2
489,1997,Q2,5,3
490,1997,Q2,5,4
491,1997,Q2,5,5
492,1997,Q2,5,6
493,1997,Q2,5,7
494,1997,Q2,5,8
495,1997,Q2,5,9
496,1997,Q2,5,10
497,1997,Q2,5,11
498,1997,Q2,5,12
499,1997,Q2,5,13
500,1997,Q2,5,14
501,1997,Q2,5,15
502,1997,Q2,5,16
503,1997,Q2,5,17
504,1997,Q2,5,18
505,1997,Q2,5,19
506,1997,Q2,5,20
507,1997,Q2,5,21
508,1997,Q2,5,22
509,1997,Q2,5,23
510,1997,Q2,5,24
511,1997,Q2,5,25
512,1997,Q2,5,26
513,1997,Q2,5,27
514,1997,Q2,5,28
515,1997,Q2,5,29
516,1997,Q2,5,30
517,1997,Q2,5,31
518,1997,Q2,6,1
519,1997,Q2,6,2
520,1997,Q2,6,3
521,1997,Q2,6,4
522,1997,Q2,6,5
523,1997,Q2,6,6
524,1997,Q2,6,7
525,1997,Q2,6,8
526,1997,Q2,6,9
527,1997,Q2,6,10
528,1997,Q2,6,11
529,1997,Q2,6,12
530,1997,Q2,6,13
531,1997,Q2,6,14
532,1997,Q2,6,15
533,1997,Q2,6,16
534,1997,Q2,6,17
535,1997,Q2,6,18
536,1997,Q2,6,19
537,1997,Q2,6,20
538,1997,Q2,6,21
539,1997,Q2,6,22
540,1997,Q2,6,23
541,1997,Q2,6,24
542,1997,Q2,6,25
543,1997,Q2,6,26
544,1997,Q2,6,27
545,1997,Q2,6,28
546,1997,Q2,6,29
547,1997,Q2,6,30
548,1997,Q3,7,1
549,1997,Q3,7,2
550,1997,Q3,7,3
551,1997,Q3,7,4
552,1997,Q3,7,5
553,1997,Q3,7,6
554,1997,Q3,7,7
555,1997,Q3,7,8
556,1997,Q3,7,9
557,1997,Q3,7,10
558,1997,Q3,7,11
559,1997,Q3,7,12
560,1997,Q3,7,13
561,1997,Q3,7,14
562,1997,Q3,7,15
563,1997,Q3,7,16
564,1997,Q3,7,17
565,1997,Q3,7,18
566,1997,Q3,7,19
567,1997,Q3,7,20
568,1997,Q3,7,21
569,1997,Q3,7,22
570,1997,Q3,7,23
571,1997,Q3,7,24
572,1997,Q3,7,25
573,1997,Q3,7,26
574,1997,Q3,7,27
575,1997,Q3,7,28
576,1997,Q3,7,29
577,1997,Q3,7,30
578,1997,Q3,7,31
579,1997,Q3,8,1
580,1997,Q3,8,2
581,1997,Q3,8,3
582,1997,Q3,8,4
583,1997,Q3,8,5
584,1997,Q3,8,6
585,1997,Q3,8,7
586,1997,Q3,8,8
587,1997,Q3,8,9
588,1997,Q3,8,10
589,1997,Q3,8,11
590,1997,Q3,8,12
591,1997,Q3,8,13
592,1997,Q3,8,14
593,1997,Q3,8,15
594,1997,Q3,8,16
595,1997,Q3,8,17
596,1997,Q3,8,18
597,1997,Q3,8,19
598,1997,Q3,8,20
599,1997,Q3,8,21
600,1997,Q3,8,22
601,1997,Q3,8,23
602,1997,Q3,8,24
603,1997,Q3,8,25
604,1997,Q3,8,26
605,1997,Q3,8,27
606,1997,Q3,8,28
607,1997,Q3,8,29
608,1997,Q3,8,30
609,1997,Q3,8,31
610,1997,Q3,9,1
611,1997,Q3,9,2
612,1997,Q3,9,3
613,1997,Q3,9,4
614,1997,Q3,9,5
615,1997,Q3,9,6
616,1997,Q3,9,7
617,1997,Q3,9,8
618,1997,Q3,9,9
619,1997,Q3,9,10
620,1997,Q3,9,11
621,1997,Q3,9,12
622,1997,Q3,9,13
623,1997,Q3,9,14
624,1997,Q3,9,15
625,1997,Q3,9,16
626,1997,Q3,9,17
627,1997,Q3,9,18
628,1997,Q3,9,19
629,1997,Q3,9,20
630,1997,Q3,9,21
631,1997,Q3,9,22
632,1997,Q3,9,23
633,1997,Q3,9,24
634,1997,Q3,9,25
635,1997,Q3,9,26
636,1997,Q3,9,27
637,1997,Q3,9,28
638,1997,Q3,9,29
639,1997,Q3,9,30
640,1997,Q4,10,1
641,1997,Q4,10,2
642,1997,Q4,10,3
643,1997,Q4,10,4
644,1997,Q4,10,5
645,1997,Q4,10,6
646,1997,Q4,10,7
647,1997,Q4,10,8
648,1997,Q4,10,9
649,1997,Q4,10,10
650,1997,Q4,10,11
651,1997,Q4,10,12
652,1997,Q4,10,13
653,1997,Q4,10,14
654,1997,Q4,10,15
655,1997,Q4,10,16
656,1997,Q4,10,17
657,1997,Q4,10,18
658,1997,Q4,10,19
659,1997,Q4,10,20
660,1997,Q4,10,21
661,1997,Q4,10,22
662,1997,Q4,10,23
663,1997,Q4,10,24
664,1997,Q4,10,25
665,1997,Q4,10,26
666,1997,Q4,10,27
667,1997,Q4,10,28
668,1997,Q4,10,29
669,1997,Q4,10,30
670,1997,Q4,10,31
671,1997,Q4,11,1
672,1997,Q4,11,2
673,1997,Q4,11,3
674,1997,Q4,11,4
675,1997,Q4,11,5
676,1997,Q4,11,6
677,1997,Q4,11,7
678,1997,Q4,11,8
679,1997,Q4,11,9
680,1997,Q4,11,10
681,1997,Q4,11,11
682,1997,Q4,11,12
683,1997,Q4,11,13
684,1997,Q4,11,14
685,1997,Q4,11,15
686,1997,Q4,11,16
687,1997,Q4,11,17
688,1997,Q4,11,18
689,1997,Q4,11,19
690,1997,Q4,11,20
691,1997,Q4,11,21
692,1997,Q4,11,22
693,1997,Q4,11,23
694,1997,Q4,11,24
695,1997,Q4,11,25
696,1997,Q4,11,26
697,1997,Q4,11,27
698,1997,Q4,11,28
699,1997,Q4,11,29
700,1997,Q4,11,30
701,1997,Q4,12,1
702,1997,Q4,12,2
703,1997,Q4,12,3
704,1997,Q4,12,4
705,1997,Q4,12,5
706,1997,Q4,12,6
707,1997,Q4,12,7
708,1997,Q4,12,8
709,1997,Q4,12,9
710,1997,Q4,12,10
711,1997,Q4,12,11
712,1997,Q4,12,12
713,1997,Q4,12,13
714,1997,Q4,12,14
715,1997,Q4,12,15
716,1997,Q4,12,16
717,1997,Q4,12,17
718,1997,Q4,12,18
719,1997,Q4,12,19
720,1997,Q4,12,20
721,1997,Q4,12,21
722,1997,Q4,12,22
723,1997,Q4,12,23
724,1997,Q4,12,24
725,1997,Q4,12,25
726,1997,Q4,12,26
727,1997,Q4,12,27
728,1997,Q4,12,28
729,1997,Q4,12,29
730,1997,Q4,12,30
731,1997,Q4,12,31
732,1998,Q1,1,1
733,1998,Q1,1,2
734,1998,Q1,1,3
735,1998,Q1,1,4
736,1998,Q1,1,5
737,1998,Q1,1,6
989,1998,Q3,9,15
990,1998,Q3,9,16
991,1998,Q3,9,17
992,1998,Q3,9,18
993,1998,Q3,9,19
994,1998,Q3,9,20
995,1998,Q3,9,21
996,1998,Q3,9,22
997,1998,Q3,9,23
998,1998,Q3,9,24
999,1998,Q3,9,25
1000,1998,Q3,9,26
1001,1998,Q3,9,27
1002,1998,Q3,9,28
1003,1998,Q3,9,29
1004,1998,Q3,9,30
1005,1998,Q4,10,1
1006,1998,Q4,10,2
1007,1998,Q4,10,3
1008,1998,Q4,10,4
1009,1998,Q4,10,5
1010,1998,Q4,10,6
1011,1998,Q4,10,7
1012,1998,Q4,10,8
1013,1998,Q4,10,9
1014,1998,Q4,10,10
1015,1998,Q4,10,11
1016,1998,Q4,10,12
1017,1998,Q4,10,13
1018,1998,Q4,10,14
1019,1998,Q4,10,15
1020,1998,Q4,10,16
1021,1998,Q4,10,17
1022,1998,Q4,10,18
1023,1998,Q4,10,19
1024,1998,Q4,10,20
1025,1998,Q4,10,21
1026,1998,Q4,10,22
1027,1998,Q4,10,23
1028,1998,Q4,10,24
1029,1998,Q4,10,25
1030,1998,Q4,10,26
1031,1998,Q4,10,27
1032,1998,Q4,10,28
1033,1998,Q4,10,29
1034,1998,Q4,10,30
1035,1998,Q4,10,31
1036,1998,Q4,11,1
1037,1998,Q4,11,2
1038,1998,Q4,11,3
1039,1998,Q4,11,4
1040,1998,Q4,11,5
1041,1998,Q4,11,6
1042,1998,Q4,11,7
1043,1998,Q4,11,8
1044,1998,Q4,11,9
1045,1998,Q4,11,10
1046,1998,Q4,11,11
1047,1998,Q4,11,12
1048,1998,Q4,11,13
1049,1998,Q4,11,14
1050,1998,Q4,11,15
1051,1998,Q4,11,16
1052,1998,Q4,11,17
1053,1998,Q4,11,18
1054,1998,Q4,11,19
1055,1998,Q4,11,20
1056,1998,Q4,11,21
1057,1998,Q4,11,22
1058,1998,Q4,11,23
1059,1998,Q4,11,24
1060,1998,Q4,11,25
1061,1998,Q4,11,26
1062,1998,Q4,11,27
1063,1998,Q4,11,28
1064,1998,Q4,11,29
1065,1998,Q4,11,30
1066,1998,Q4,12,1
1067,1998,Q4,12,2
1068,1998,Q4,12,3
1069,1998,Q4,12,4
1070,1998,Q4,12,5
1071,1998,Q4,12,6
1072,1998,Q4,12,7
1073,1998,Q4,12,8
1074,1998,Q4,12,9
1075,1998,Q4,12,10
1076,1998,Q4,12,11
1077,1998,Q4,12,12
1078,1998,Q4,12,13
1079,1998,Q4,12,14
1080,1998,Q4,12,15
1081,1998,Q4,12,16
1082,1998,Q4,12,17
1083,1998,Q4,12,18
1084,1998,Q4,12,19
1085,1998,Q4,12,20
1086,1998,Q4,12,21
1087,1998,Q4,12,22
1088,1998,Q4,12,23
1089,1998,Q4,12,24
1090,1998,Q4,12,25
1091,1998,Q4,12,26
1092,1998,Q4,12,27
1093,1998,Q4,12,28
1094,1998,Q4,12,29
1095,1998,Q4,12,30
1096,1998,Q4,12,31
